,labels,photo
0,"['0', '3', '8']",101085.jpg
1,"['1', '2', '5', '6', '8']",10118.jpg
2,"['1', '2', '3', '4', '5', '6', '7', '8']",10116.jpg
3,"['3', '8']",101089.jpg
4,"['1', '2', '3', '4', '5', '6', '7']",10119.jpg
5,"['2', '3', '5', '6']",10120.jpg
6,"['1', '2', '4', '5', '6']",10122.jpg
7,"['1', '2', '5', '6']",10121.jpg
8,"['1', '2', '4', '5', '6']",10113.jpg
9,"['1', '2', '5', '6', '7', '8']",10123.jpg
10,"['3', '8']",10124.jpg
11,"['1', '2', '4', '5', '6', '7']",101101.jpg
12,"['2', '4', '5', '6']",10128.jpg
13,"['6', '8']",10126.jpg
14,"['1', '2', '3', '4', '5', '6', '7', '8']",101093.jpg
15,"['2', '3', '4', '5', '6', '7']",101095.jpg
16,"['1', '2', '5', '6', '8']",101092.jpg
17,"['1', '2', '3', '4', '5', '6', '7', '8']",101099.jpg
18,"['1', '2', '3', '4', '5', '6', '7', '8']",101094.jpg
19,"['1', '2', '5', '6']",101097.jpg
20,"['1', '2', '3', '4', '5', '6', '7']",101103.jpg
21,"['3', '8']",101111.jpg
22,"['1', '2', '4', '5', '6']",101127.jpg
23,"['1', '2', '4', '5', '6', '7']",101115.jpg
24,"['6', '8']",101113.jpg
25,"['0', '3', '8']",101117.jpg
26,"['0', '3', '8']",101123.jpg
27,"['0', '3', '6', '8']",101122.jpg
28,"['1', '2', '3', '5', '6', '7', '8']",101126.jpg
29,"['1', '2', '5', '6']",101119.jpg
30,"['1', '2', '3', '4', '5', '6', '7']",101125.jpg
31,"['1', '2', '3', '4', '5', '6', '7']",101128.jpg
32,"['6', '8']",101131.jpg
33,"['2', '4', '5', '6', '7']",101138.jpg
34,"['1', '2', '3', '4', '5', '6', '7']",101137.jpg
35,"['6', '8']",101144.jpg
36,"['3', '5', '8']",101147.jpg
37,"['0', '3', '6', '8']",101135.jpg
38,"['0', '2', '5', '6', '8']",101139.jpg
39,"['0', '1', '2', '6', '8']",101140.jpg
40,"['1', '2', '3', '4', '5', '6', '7']",101151.jpg
41,"['1', '2', '3', '4', '5', '6']",101155.jpg
42,"['1', '2', '4', '5', '6']",101183.jpg
43,"['0', '8']",101175.jpg
44,"['0', '1', '2', '6', '8']",101158.jpg
45,"['5', '6', '8']",101180.jpg
46,"['1', '2', '4', '5', '6']",101160.jpg
47,"['1', '2', '4', '5', '6', '7']",101178.jpg
48,"['1', '2', '5', '6', '8']",101162.jpg
49,"['0', '3', '5', '8']",101182.jpg
50,"['6', '8']",101142.jpg
51,"['1', '2', '3', '4', '5', '6', '7']",101185.jpg
52,"['1', '2', '4', '5', '6', '7']",101203.jpg
53,"['0', '8']",101189.jpg
54,"['0', '3', '8']",101192.jpg
55,"['1', '2', '4', '5', '6', '8']",101186.jpg
56,"['0', '3', '8']",101190.jpg
57,"['0', '3', '8']",101199.jpg
58,"['1', '2', '4', '5', '6', '7']",101164.jpg
59,"['2', '4', '5', '6', '7', '8']",101193.jpg
60,"['1', '2', '4', '5', '6']",101208.jpg
61,"['0', '8']",101209.jpg
62,"['2', '5', '6']",101220.jpg
63,"['5', '8']",101231.jpg
64,"['0', '3', '8']",101221.jpg
65,"['1', '3', '6', '8']",101218.jpg
66,"['2', '3', '4', '5', '6', '8']",101213.jpg
67,"['1', '2', '4', '5', '6', '7', '8']",101228.jpg
68,"['1', '2', '3', '4', '5', '6', '7']",101205.jpg
69,"['1', '2', '3', '4', '5', '6', '7']",101239.jpg
70,"['0', '3', '8']",101235.jpg
71,"['1', '2', '5', '6', '8']",101238.jpg
72,"['1', '2', '5', '6', '7', '8']",101244.jpg
73,"['0', '3', '5', '8']",101237.jpg
74,"['1', '2', '3', '5', '6', '8']",101245.jpg
75,"['1', '2', '3', '5', '6', '7']",101240.jpg
76,"['1', '2', '4', '5', '6', '7']",101230.jpg
77,"['3', '8']",101255.jpg
78,"['1', '2', '3', '5', '6', '8']",101222.jpg
79,"['1', '2', '4', '5', '6', '7']",101249.jpg
80,"['5', '6', '8']",101260.jpg
81,"['0', '2', '3', '5', '6']",101248.jpg
82,"['1', '2', '4', '5', '6']",101256.jpg
83,"['0', '5', '8']",101258.jpg
84,"['0', '3', '5', '8']",101259.jpg
85,['8'],101243.jpg
86,"['1', '2', '5', '6', '8']",101265.jpg
87,"['3', '8']",101271.jpg
88,"['2', '3', '4', '5', '6', '7', '8']",101269.jpg
89,"['3', '8']",101262.jpg
90,"['1', '2', '4', '5', '6', '7']",101266.jpg
91,"['0', '3', '8']",101264.jpg
92,['8'],101263.jpg
93,"['0', '3', '5', '8']",101267.jpg
94,"['0', '2', '3', '5', '6', '8']",101232.jpg
95,"['1', '2', '4', '5', '6']",101276.jpg
96,"['1', '2', '3', '4', '5', '6', '7']",101275.jpg
97,"['1', '2', '4', '5', '6', '8']",101274.jpg
98,"['1', '2', '4', '5', '6']",10133.jpg
99,"['1', '2', '4', '5', '6', '7']",101295.jpg
100,"['3', '5', '6', '8']",10134.jpg
101,"['3', '5', '6']",101289.jpg
102,"['3', '5', '6', '8']",10136.jpg
103,"['1', '2', '3', '4', '5', '6', '7']",10137.jpg
104,"['0', '1', '2', '5', '6', '7', '8']",10140.jpg
105,"['1', '2', '4', '5', '6', '7']",10138.jpg
106,"['0', '1', '6', '8']",10146.jpg
107,"['0', '3', '8']",10131.jpg
108,"['1', '2', '3', '5', '6', '8']",10129.jpg
109,"['1', '2', '4', '5', '6', '7']",101286.jpg
110,"['1', '2', '3', '4', '5', '6', '7']",101309.jpg
111,"['1', '2', '3', '4', '5', '6', '7']",101283.jpg
112,"['1', '2', '3', '4', '5', '6', '7']",101280.jpg
113,"['1', '2', '4', '5', '6', '7']",101278.jpg
114,"['1', '2', '5', '6', '8']",10143.jpg
115,"['1', '2', '4', '5', '6']",101300.jpg
116,"['1', '2', '4', '5', '6', '7']",101303.jpg
117,"['1', '2', '3', '5', '6', '7']",101299.jpg
118,"['1', '2', '4', '5', '6', '7']",101304.jpg
119,"['1', '2', '3', '4', '5', '6', '7', '8']",101302.jpg
120,"['1', '2', '4', '5', '6', '7']",101310.jpg
121,"['1', '2', '4', '5', '6', '7']",101312.jpg
122,"['1', '2', '4', '5', '6', '7', '8']",101330.jpg
123,"['1', '2', '5', '6', '8']",101334.jpg
124,"['1', '2', '5', '6', '7']",101336.jpg
125,"['0', '3', '8']",101320.jpg
126,"['1', '2', '3', '5', '6', '7']",101314.jpg
127,"['0', '2', '3', '5', '6', '7']",101326.jpg
128,"['1', '2', '4', '5', '6', '7']",101325.jpg
129,"['1', '2', '3', '5', '6']",101319.jpg
130,"['1', '2', '4', '5', '6', '7']",101317.jpg
131,"['1', '2', '4', '5', '6', '7']",101313.jpg
132,"['3', '5', '8']",101321.jpg
133,"['6', '8']",101339.jpg
134,"['1', '2', '4', '5', '6', '7']",101344.jpg
135,"['5', '8']",101349.jpg
136,"['1', '2', '4', '5', '6', '7']",101348.jpg
137,"['3', '6', '8']",101346.jpg
138,"['1', '2', '4', '5', '6', '7']",101373.jpg
139,"['1', '2', '3', '5', '6']",101374.jpg
140,"['0', '6', '8']",101358.jpg
141,"['6', '8']",101363.jpg
142,"['1', '5', '6', '8']",101352.jpg
143,"['1', '2', '5', '6', '8']",101356.jpg
144,"['1', '2', '5', '6', '8']",101376.jpg
145,"['1', '5', '6', '8']",101380.jpg
146,"['1', '2', '3', '5', '6', '7']",101398.jpg
147,"['2', '4', '5', '6']",101385.jpg
148,"['1', '2', '3', '4', '5', '6', '7']",101391.jpg
149,"['1', '2', '4', '5', '6', '7']",101395.jpg
150,"['6', '8']",101383.jpg
151,"['0', '2', '3', '6', '8']",101393.jpg
152,"['6', '8']",101378.jpg
153,"['1', '5', '6']",101392.jpg
154,"['1', '2', '3', '4', '5', '6', '7']",101343.jpg
155,"['1', '2', '3', '5', '6', '8']",101370.jpg
156,"['1', '2', '3', '4', '5', '6', '7']",101399.jpg
157,"['1', '2', '4', '5', '6', '7']",101400.jpg
158,"['1', '2', '3', '4', '5', '6', '7']",101411.jpg
159,"['1', '2', '4', '5', '6', '7']",101414.jpg
160,"['1', '2', '3', '5', '6']",101407.jpg
161,"['0', '3', '8']",101408.jpg
162,"['1', '2', '3', '4', '5', '6']",101403.jpg
163,"['3', '5', '6', '8']",101409.jpg
164,"['1', '2', '4', '5', '6']",101421.jpg
165,"['1', '2', '4', '5', '6', '7']",101412.jpg
166,"['1', '2', '3', '4', '5', '6']",101420.jpg
167,"['2', '3', '4', '5', '6', '7', '8']",101423.jpg
168,"['0', '2', '6', '8']",101428.jpg
169,"['1', '2', '5', '6', '8']",10163.jpg
170,"['1', '2', '3', '4', '5', '6', '7']",101429.jpg
171,"['1', '2', '4', '5', '6', '7']",10157.jpg
172,"['1', '2', '3', '4', '5', '6']",10160.jpg
173,"['0', '3', '8']",10148.jpg
174,"['1', '2', '3', '4', '5', '6', '7']",10158.jpg
175,"['1', '2', '3', '4', '5', '6']",10150.jpg
176,"['3', '8']",1015.jpg
177,"['1', '2', '3', '4', '5', '6', '7']",101430.jpg
178,"['1', '2', '4', '5', '6']",10164.jpg
179,"['0', '1', '2', '3', '4', '5', '6']",101439.jpg
180,"['3', '5']",101465.jpg
181,"['3', '8']",101438.jpg
182,"['0', '6', '8']",101432.jpg
183,"['1', '2', '4', '5', '6', '7']",101434.jpg
184,"['1', '2', '3', '5', '6', '7']",101433.jpg
185,"['0', '6', '8']",101437.jpg
186,"['1', '5', '6']",101435.jpg
187,"['2', '3', '5', '6', '8']",101431.jpg
188,"['3', '6', '8']",101436.jpg
189,"['1', '2', '4', '5', '6', '7']",101440.jpg
190,"['0', '5', '8']",101467.jpg
191,"['1', '2', '3', '5', '6', '7']",101471.jpg
192,"['1', '2', '4', '5', '6']",101475.jpg
193,"['1', '2', '3', '4', '5', '6', '7']",101479.jpg
194,"['0', '8']",101469.jpg
195,"['5', '8']",101474.jpg
196,"['3', '5', '6']",101472.jpg
197,"['1', '2', '3', '5', '6', '8']",101484.jpg
198,"['1', '2', '3', '4', '5', '6', '7']",101477.jpg
199,"['1', '2', '4', '5', '6']",101485.jpg
200,"['0', '3', '8']",101441.jpg
201,"['0', '3', '8']",101442.jpg
202,"['1', '2', '3', '4', '5', '6', '7']",101446.jpg
203,"['2', '3', '5', '6']",101448.jpg
204,"['2', '3', '5', '6', '8']",101449.jpg
205,"['0', '2', '6', '8']",101443.jpg
206,"['3', '5']",101444.jpg
207,"['1', '2', '3', '5', '6', '7']",101447.jpg
208,"['0', '3', '8']",101445.jpg
209,"['1', '2', '4', '5', '6', '7']",101450.jpg
210,"['1', '2', '3', '5', '6', '7', '8']",101500.jpg
211,"['3', '6', '8']",10161.jpg
212,"['1', '2', '4', '5', '6', '7']",101492.jpg
213,"['1', '2', '4', '5', '6', '8']",101488.jpg
214,"['0', '2', '5', '6', '8']",101495.jpg
215,"['1', '5', '6']",101396.jpg
216,"['0', '8']",101490.jpg
217,"['3', '5', '6', '8']",101487.jpg
218,"['1', '2', '4', '5', '6', '7']",101493.jpg
219,"['1', '2', '3', '4', '5', '6', '7', '8']",101496.jpg
220,"['2', '5', '6', '8']",101501.jpg
221,"['1', '2', '4', '5', '6']",101503.jpg
222,"['5', '6', '8']",101451.jpg
223,"['0', '1', '5', '6']",101463.jpg
224,"['3', '8']",101456.jpg
225,"['0', '3', '5', '8']",101462.jpg
226,"['6', '8']",101452.jpg
227,"['1', '2', '3', '4', '5', '6', '7']",101458.jpg
228,"['1', '2', '3', '4', '5', '6', '7']",101457.jpg
229,"['1', '2', '4', '5', '6', '7']",101455.jpg
230,"['0', '1', '3', '8']",101459.jpg
231,"['0', '3', '8']",101464.jpg
232,"['3', '5', '6']",101526.jpg
233,"['0', '3', '8']",101504.jpg
234,"['1', '2', '5', '6', '8']",101505.jpg
235,"['0', '1', '2', '6', '8']",101511.jpg
236,"['1', '2', '3', '5', '6', '7']",101507.jpg
237,"['0', '3', '8']",101513.jpg
238,"['1', '2', '4', '5', '6', '7', '8']",101527.jpg
239,"['1', '4', '5', '6']",101515.jpg
240,"['1', '2', '3', '4', '5', '6', '7']",101523.jpg
241,"['1', '2', '3', '5', '6', '8']",101520.jpg
242,"['1', '2', '3', '4', '5', '6']",101514.jpg
243,"['1', '2', '4', '5', '6', '7']",101530.jpg
244,"['3', '5', '6', '8']",101531.jpg
245,"['2', '5', '6', '8']",101549.jpg
246,"['1', '2', '4', '5', '6', '7']",101538.jpg
247,"['1', '2', '3', '4', '5', '6', '7']",101533.jpg
248,"['1', '3', '4', '5', '6']",101536.jpg
249,"['1', '2', '5', '6', '8']",101537.jpg
250,"['1', '2', '3', '5', '6', '7']",101546.jpg
251,"['0', '2', '3', '6', '8']",101539.jpg
252,"['3', '8']",101547.jpg
253,"['1', '2', '5', '6', '7', '8']",101550.jpg
254,"['1', '2', '4', '5', '6', '7', '8']",101552.jpg
255,"['0', '3', '5', '8']",101571.jpg
256,"['0', '2', '3', '5', '8']",101554.jpg
257,['8'],101557.jpg
258,"['1', '2', '3', '5', '6', '7']",101556.jpg
259,"['1', '2', '3', '5', '6', '7', '8']",101558.jpg
260,['6'],101560.jpg
261,"['1', '2', '3', '4', '5', '6', '7']",101567.jpg
262,"['6', '8']",101561.jpg
263,"['0', '3', '8']",101559.jpg
264,"['3', '6', '8']",101543.jpg
265,"['6', '8']",101573.jpg
266,"['1', '2', '4', '5', '6', '8']",10166.jpg
267,"['0', '6', '8']",10169.jpg
268,"['1', '2', '4', '5', '6']",101588.jpg
269,"['1', '2', '5', '6', '7', '8']",101590.jpg
270,"['2', '3', '5', '6', '8']",101582.jpg
271,"['1', '2', '4', '5', '6']",1017.jpg
272,"['2', '3', '5', '6']",101583.jpg
273,"['1', '2', '3', '5', '6', '7', '8']",101578.jpg
274,"['1', '2', '4', '5', '6', '7']",10171.jpg
275,['8'],10172.jpg
276,"['1', '2', '4', '5', '6', '7']",101603.jpg
277,"['0', '3', '8']",10177.jpg
278,"['2', '3', '8']",101600.jpg
279,"['3', '5', '6']",10178.jpg
280,"['1', '2', '3', '5', '6']",10173.jpg
281,"['1', '2', '3', '5', '6', '8']",10174.jpg
282,"['5', '6', '8']",101595.jpg
283,"['1', '2', '3', '4', '5', '6']",101601.jpg
284,"['1', '2', '4', '5', '6', '7']",10176.jpg
285,"['2', '8']",101604.jpg
286,"['3', '5', '6', '7', '8']",101572.jpg
287,"['3', '6', '8']",101655.jpg
288,"['0', '8']",101605.jpg
289,"['0', '2', '3', '8']",101611.jpg
290,"['1', '2', '3', '4', '5', '6', '7', '8']",101608.jpg
291,"['1', '2', '3', '4', '5', '6']",101609.jpg
292,"['1', '2', '3', '4', '5', '6', '7']",101656.jpg
293,"['1', '2', '4', '5', '6']",101653.jpg
294,"['0', '3', '5', '6', '8']",10179.jpg
295,"['1', '2', '3', '4', '5', '6', '7']",10181.jpg
296,"['6', '8']",101614.jpg
297,"['1', '2', '3', '4', '5', '6']",101658.jpg
298,"['1', '2', '3', '4', '5', '6', '7']",101659.jpg
299,"['1', '2', '5', '6', '8']",101625.jpg
300,"['3', '8']",101617.jpg
301,"['1', '2', '4', '5', '6', '7']",101622.jpg
302,"['1', '2', '3', '4', '6']",101623.jpg
303,"['0', '8']",101662.jpg
304,"['1', '2', '4', '5', '6', '7']",101664.jpg
305,"['1', '2', '5', '6', '7']",101660.jpg
306,"['3', '5', '6', '7', '8']",101624.jpg
307,"['0', '3', '8']",101615.jpg
308,"['2', '3', '4', '5', '6', '7']",101627.jpg
309,"['1', '2', '4', '5', '6']",101628.jpg
310,"['1', '3', '6', '8']",101677.jpg
311,"['1', '2', '3', '4', '5', '6', '7']",101629.jpg
312,"['0', '5']",101670.jpg
313,"['1', '2', '3', '4', '5', '6', '7']",101675.jpg
314,"['1', '2', '3', '5', '6', '8']",101672.jpg
315,"['0', '1', '2', '3', '5', '6', '7']",101676.jpg
316,"['1', '2', '5', '6', '8']",101667.jpg
317,"['0', '8']",101673.jpg
318,"['2', '4', '5', '6', '7', '8']",101631.jpg
319,"['1', '2', '4', '5', '6', '7']",101665.jpg
320,"['1', '2', '3', '5', '6', '8']",101678.jpg
321,"['3', '5', '6', '8']",101679.jpg
322,"['0', '1', '2', '3', '5', '6', '7']",101652.jpg
323,"['1', '2', '3', '5', '6']",101634.jpg
324,"['1', '2', '3', '4', '5', '6', '7']",101650.jpg
325,"['3', '5', '6', '8']",101649.jpg
326,"['1', '2', '4', '5', '6', '7']",101635.jpg
327,"['1', '2', '4', '5', '6', '7']",101636.jpg
328,"['1', '2', '4', '5', '6', '7']",101651.jpg
329,"['0', '5', '8']",101645.jpg
330,"['1', '2', '3', '5', '6', '7']",101646.jpg
331,"['1', '2', '3', '4', '5', '6']",101648.jpg
332,"['1', '2', '3', '4', '5', '6', '7']",101680.jpg
333,"['0', '2', '3', '5', '6', '8']",101699.jpg
334,"['1', '2', '4', '5', '6']",101681.jpg
335,"['0', '3', '8']",101690.jpg
336,"['1', '2', '3', '4', '5', '6']",101682.jpg
337,"['0', '2', '3', '4', '5', '6', '7', '8']",101696.jpg
338,"['1', '2', '3', '5', '6', '7']",101695.jpg
339,"['0', '1', '4', '5', '6', '8']",101694.jpg
340,"['0', '3', '5', '8']",101692.jpg
341,"['1', '2', '3', '4', '5', '6', '7']",101684.jpg
342,"['1', '2', '3', '4', '5', '6', '7']",101688.jpg
343,"['3', '7', '8']",101702.jpg
344,"['0', '1', '5', '6', '8']",101703.jpg
345,"['1', '2', '3', '4', '5', '6']",101721.jpg
346,"['6', '8']",101709.jpg
347,"['1', '2', '3', '4', '5', '6']",101711.jpg
348,"['0', '3', '8']",101712.jpg
349,"['1', '2', '3', '4', '5', '6', '7']",101715.jpg
350,['8'],101714.jpg
351,"['1', '2', '4', '5', '6']",101720.jpg
352,"['1', '2', '3', '5', '6', '8']",101718.jpg
353,"['1', '2', '3', '4', '5', '6']",101722.jpg
354,"['1', '2', '4', '5', '6']",101723.jpg
355,"['1', '2', '4', '5', '6', '7']",101744.jpg
356,"['2', '3', '5', '6', '8']",101728.jpg
357,"['0', '1', '3', '5']",101736.jpg
358,"['2', '6', '8']",101724.jpg
359,"['1', '2', '3', '4', '5', '6']",101743.jpg
360,"['1', '3', '6', '8']",101732.jpg
361,"['2', '4', '5', '6', '7']",101729.jpg
362,"['0', '3', '8']",101727.jpg
363,"['1', '2', '4', '5', '6', '8']",101745.jpg
364,"['1', '2', '4', '5', '6', '7', '8']",101761.jpg
365,"['0', '2', '3', '6', '8']",101747.jpg
366,"['1', '2', '4', '5', '6', '8']",101751.jpg
367,"['1', '2', '5', '6', '7']",101753.jpg
368,"['1', '2', '4', '5', '6']",101752.jpg
369,"['1', '2', '5', '6', '7']",101748.jpg
370,"['1', '2', '5', '6', '8']",101757.jpg
371,"['3', '8']",101754.jpg
372,"['1', '2', '4', '5', '6', '7']",101750.jpg
373,"['0', '2', '5', '6', '8']",101760.jpg
374,"['1', '2', '4', '5', '6', '7']",101765.jpg
375,"['1', '2', '3', '4', '5', '6', '7']",101766.jpg
376,['0'],101768.jpg
377,"['0', '3', '8']",101788.jpg
378,"['1', '2', '5', '6', '7', '8']",101776.jpg
379,"['6', '8']",101783.jpg
380,"['1', '2', '4', '5', '6']",101777.jpg
381,"['1', '2', '5', '6', '8']",101779.jpg
382,"['1', '2', '3', '4', '5', '6']",101773.jpg
383,"['1', '4', '5', '6', '7', '8']",101769.jpg
384,"['2', '5', '6', '8']",101787.jpg
385,"['1', '2', '5', '6', '7']",101780.jpg
386,"['0', '6', '8']",101789.jpg
387,"['0', '8']",101804.jpg
388,['8'],101791.jpg
389,"['1', '2', '3', '4', '5', '6']",101793.jpg
390,"['1', '2', '3', '4', '5', '6', '7', '8']",101794.jpg
391,"['1', '2', '3', '5', '6', '7']",101796.jpg
392,"['3', '5', '6', '8']",101797.jpg
393,"['1', '2', '5', '6']",101806.jpg
394,"['1', '2', '4', '5', '6', '7', '8']",101800.jpg
395,"['0', '6', '8']",101801.jpg
396,"['1', '2', '4', '5', '6', '7']",101811.jpg
397,"['1', '2', '4', '5', '6', '7']",101812.jpg
398,"['1', '2', '4', '5', '6', '7', '8']",10185.jpg
399,['8'],1019.jpg
400,['8'],10182.jpg
401,"['1', '2', '4', '5', '6', '7']",102.jpg
402,"['1', '2', '4', '5', '6', '7']",10184.jpg
403,"['1', '2', '3', '4', '5', '6']",10190.jpg
404,"['2', '8']",10186.jpg
405,"['0', '2', '3', '8']",10188.jpg
406,"['0', '2', '3', '5', '8']",10189.jpg
407,"['0', '1', '2', '6']",101799.jpg
408,"['1', '2', '4', '5', '6', '7']",101790.jpg
409,"['1', '2', '3', '4', '5', '6', '7']",101822.jpg
410,"['1', '2', '3', '4', '5', '6', '7']",101706.jpg
411,"['0', '1', '2', '3', '5', '6', '8']",10195.jpg
412,"['0', '8']",10200.jpg
413,"['1', '2', '4', '5', '6', '7']",101730.jpg
414,"['1', '2', '4', '5', '6', '7']",10192.jpg
415,"['1', '2', '3', '4', '5', '6', '7']",10198.jpg
416,"['1', '2', '3', '5', '6', '7']",10197.jpg
417,"['3', '5', '6', '8']",10194.jpg
418,"['1', '2', '4', '5', '6', '7']",101816.jpg
419,"['1', '2', '3', '4', '5', '6', '7']",101824.jpg
420,"['3', '5']",101835.jpg
421,"['1', '2', '3', '4', '5', '6', '7']",101849.jpg
422,"['0', '1', '3', '4', '5', '6']",101845.jpg
423,"['1', '2', '4', '5', '6']",101839.jpg
424,"['1', '2', '3', '4', '5', '6', '7', '8']",101837.jpg
425,['8'],101844.jpg
426,"['1', '2', '3', '5', '6']",101834.jpg
427,"['1', '2', '3', '5', '6', '7']",101825.jpg
428,"['1', '2', '3', '5', '6', '7']",101841.jpg
429,"['1', '2', '4', '5', '6', '7']",101838.jpg
430,"['1', '2', '4', '5', '6']",101850.jpg
431,"['6', '8']",101851.jpg
432,"['1', '2', '4', '5', '6', '7']",101867.jpg
433,"['1', '2', '3', '5', '6', '7', '8']",101860.jpg
434,"['1', '2', '3', '4', '5', '6', '7', '8']",101852.jpg
435,"['3', '5', '6', '8']",101864.jpg
436,"['1', '2', '4', '5', '6', '7']",101866.jpg
437,"['2', '3', '5', '6', '8']",101859.jpg
438,['8'],101863.jpg
439,"['1', '2', '3', '4', '5', '6', '7']",101857.jpg
440,"['3', '6', '8']",101861.jpg
441,"['1', '2', '4', '5', '6', '7', '8']",101872.jpg
442,"['1', '2', '3', '4', '5', '6']",101873.jpg
443,"['0', '2', '3', '5', '6']",1021.jpg
444,"['3', '5', '6', '8']",101878.jpg
445,"['1', '2', '3', '4', '5', '6', '7']",101880.jpg
446,"['1', '2', '4', '5', '6', '7']",10202.jpg
447,"['1', '2', '3', '4', '5', '6', '7']",101883.jpg
448,"['0', '6', '8']",101889.jpg
449,"['0', '3', '5']",10204.jpg
450,"['6', '8']",101890.jpg
451,"['0', '8']",101893.jpg
452,"['1', '3', '5', '6']",101894.jpg
453,"['1', '2', '4', '5', '6', '7']",10207.jpg
454,"['1', '2', '4', '5', '6', '7', '8']",101903.jpg
455,"['1', '2', '3', '4', '5', '6']",10208.jpg
456,"['3', '8']",102017.jpg
457,"['1', '2', '4', '5', '6', '7', '8']",10216.jpg
458,"['0', '3', '5', '6', '8']",10215.jpg
459,"['1', '2', '4', '5', '6', '7']",10218.jpg
460,"['2', '4', '5', '6', '7', '8']",101905.jpg
461,"['1', '2', '3', '4', '5', '6', '7']",101902.jpg
462,"['1', '2', '3', '4', '5', '6']",101909.jpg
463,"['6', '8']",101900.jpg
464,"['1', '2', '3', '4', '5', '6']",101898.jpg
465,"['1', '2', '3', '4', '5', '6']",101912.jpg
466,"['1', '2', '3', '4', '5', '6', '7']",101915.jpg
467,"['1', '2', '3', '5', '6', '8']",102025.jpg
468,"['1', '2', '4', '5', '6', '7']",102019.jpg
469,"['0', '8']",102022.jpg
470,"['0', '3', '8']",102024.jpg
471,"['1', '2', '4', '5', '6']",101918.jpg
472,"['1', '2', '4', '5', '6', '7']",102020.jpg
473,"['1', '2', '4', '5', '6', '7']",102021.jpg
474,"['1', '2', '3', '5', '6', '7']",101916.jpg
475,"['3', '8']",102026.jpg
476,"['1', '2', '4', '5', '6', '7']",102023.jpg
477,"['0', '3', '8']",102028.jpg
478,"['3', '5', '6', '7', '8']",102029.jpg
479,"['0', '3', '8']",101942.jpg
480,"['1', '2', '3', '4', '5', '6', '7']",101920.jpg
481,"['3', '5', '6', '8']",101923.jpg
482,"['0', '3', '8']",101927.jpg
483,"['0', '3', '8']",101926.jpg
484,"['1', '2', '4', '5', '6', '7']",101930.jpg
485,"['1', '2', '4', '6', '7']",101931.jpg
486,"['2', '3', '6', '8']",101936.jpg
487,"['0', '3', '8']",101932.jpg
488,"['1', '2', '3', '5', '6', '8']",102030.jpg
489,"['1', '2', '3', '5', '6', '8']",102052.jpg
490,"['1', '2', '4', '5', '6']",102054.jpg
491,"['1', '2', '3', '4', '5', '6', '7']",102031.jpg
492,"['2', '3', '4', '5', '6', '7']",102039.jpg
493,"['1', '2', '3', '5', '6']",102035.jpg
494,"['0', '3', '5', '6', '8']",102044.jpg
495,"['6', '8']",102049.jpg
496,"['2', '4', '5', '6']",102037.jpg
497,"['1', '2', '3', '5', '6', '8']",102033.jpg
498,"['1', '2', '4', '5', '6']",102038.jpg
499,"['0', '3', '8']",102055.jpg
500,"['1', '2', '4', '5', '6', '7']",102048.jpg
501,"['1', '2', '3', '4', '5', '6', '7']",101957.jpg
502,"['0', '1', '2', '5', '6', '8']",102057.jpg
503,"['1', '2', '3', '4', '5', '6', '7']",102072.jpg
504,"['1', '2', '3', '5', '6', '7']",102063.jpg
505,"['1', '2', '3', '4', '5', '6', '7']",101952.jpg
506,"['2', '4', '5', '6', '7', '8']",102061.jpg
507,"['1', '2', '5', '6', '7', '8']",101947.jpg
508,"['1', '2', '5', '6', '8']",102058.jpg
509,"['3', '8']",102070.jpg
510,"['1', '2', '3', '5', '6', '7', '8']",102066.jpg
511,"['1', '2', '5', '6', '7']",101958.jpg
512,"['0', '2', '5', '6', '8']",101959.jpg
513,"['1', '2', '3', '4', '5', '6']",101979.jpg
514,"['1', '5', '6', '8']",101960.jpg
515,"['1', '2', '4', '5', '6', '7']",101967.jpg
516,"['3', '8']",101961.jpg
517,"['2', '4', '5', '6', '7', '8']",101975.jpg
518,"['0', '2', '6', '8']",101978.jpg
519,"['6', '8']",101968.jpg
520,"['1', '5', '6', '8']",101963.jpg
521,"['0', '2', '3', '5', '6', '8']",101962.jpg
522,"['5', '6', '8']",101980.jpg
523,"['1', '2', '5', '6']",101981.jpg
524,"['1', '2', '3', '6']",101983.jpg
525,"['0', '6', '8']",102083.jpg
526,"['1', '2', '3', '4', '5', '6', '7']",102076.jpg
527,"['1', '2', '6']",102081.jpg
528,"['2', '5', '6', '8']",101991.jpg
529,"['1', '2', '4', '5', '6', '7']",102075.jpg
530,"['1', '2', '4', '5', '6', '7']",101985.jpg
531,"['0', '8']",101989.jpg
532,"['1', '2', '4', '5', '6', '7']",102080.jpg
533,"['0', '3', '8']",102078.jpg
534,"['6', '8']",102086.jpg
535,"['1', '2', '4', '5', '6', '7']",102089.jpg
536,"['0', '2', '6', '8']",102010.jpg
537,"['5', '8']",102090.jpg
538,"['2', '4', '5', '6']",101994.jpg
539,"['0', '3', '8']",102005.jpg
540,"['0', '2', '3', '5', '8']",101993.jpg
541,"['1', '2', '5', '6', '8']",102091.jpg
542,"['1', '2', '3', '4', '5', '6', '7']",101999.jpg
543,"['0', '8']",102004.jpg
544,"['1', '2', '3', '4', '5', '6']",102002.jpg
545,"['0', '8']",102001.jpg
546,"['1', '2', '3', '4', '5', '6', '7']",102012.jpg
547,"['1', '2', '3', '5', '6', '7']",102015.jpg
548,"['1', '2', '4', '5', '6', '7']",102117.jpg
549,"['1', '2', '5', '6', '8']",102097.jpg
550,"['3', '8']",102108.jpg
551,"['1', '2', '4', '5', '6']",102115.jpg
552,"['1', '2', '3', '4', '5', '6']",102104.jpg
553,"['1', '2', '3', '4', '5', '6', '7']",102098.jpg
554,"['1', '2', '4', '5', '6', '7']",102101.jpg
555,"['0', '2', '6', '8']",102105.jpg
556,"['0', '6', '8']",102113.jpg
557,"['2', '8']",102109.jpg
558,"['6', '8']",102120.jpg
559,"['0', '2', '3', '6', '8']",102124.jpg
560,"['1', '2', '3', '4', '5', '6', '7']",102137.jpg
561,"['3', '8']",102130.jpg
562,"['0', '3', '5', '8']",102128.jpg
563,"['0', '3', '8']",102127.jpg
564,"['1', '2', '4', '5', '6', '7']",102125.jpg
565,"['3', '5']",102138.jpg
566,"['1', '2', '4', '5', '6', '7', '8']",102132.jpg
567,"['1', '2', '4', '5', '6', '7', '8']",102134.jpg
568,"['0', '1', '5', '6', '8']",102136.jpg
569,"['6', '8']",102131.jpg
570,"['0', '3', '8']",102140.jpg
571,"['0', '1', '3']",102141.jpg
572,"['0', '8']",102163.jpg
573,"['1', '2', '4', '5', '6', '7']",102161.jpg
574,"['2', '5', '6', '8']",102154.jpg
575,"['1', '2', '3', '5', '6', '7']",102149.jpg
576,"['1', '2', '3', '4', '5', '6', '7']",102148.jpg
577,"['1', '2', '3', '5', '6', '7', '8']",102162.jpg
578,"['1', '2', '6']",102151.jpg
579,"['1', '2', '4', '5', '6', '7']",102153.jpg
580,"['5', '6', '8']",102159.jpg
581,"['0', '8']",102166.jpg
582,"['1', '2', '3', '4', '5', '6', '7']",102165.jpg
583,"['0', '8']",102173.jpg
584,"['3', '8']",102175.jpg
585,"['1', '2', '4', '5', '6']",102176.jpg
586,"['0', '1', '2', '4', '5', '6', '8']",102179.jpg
587,"['1', '2', '4', '5', '6', '7']",102168.jpg
588,"['0', '5', '8']",102171.jpg
589,"['1', '2', '4', '5', '6', '7']",102170.jpg
590,"['1', '2', '5', '6', '7']",102180.jpg
591,"['1', '2', '4', '5', '6', '7']",102181.jpg
592,"['1', '2', '4', '5', '6', '7']",102183.jpg
593,"['1', '2', '4', '5', '6']",10228.jpg
594,"['0', '2', '5', '6', '8']",102186.jpg
595,"['3', '5', '6', '8']",102182.jpg
596,['6'],102187.jpg
597,['8'],102191.jpg
598,"['1', '2', '3', '4', '5', '6']",102188.jpg
599,"['1', '2', '4', '5', '6', '7']",1022.jpg
600,"['1', '2', '3', '4', '5', '6', '7']",10222.jpg
601,"['1', '2', '5', '6']",10220.jpg
602,"['1', '2', '5', '6', '8']",10223.jpg
603,"['1', '2', '3', '5', '6']",102193.jpg
604,"['1', '2', '3', '5', '6', '7']",102194.jpg
605,"['1', '2', '3', '4', '5', '6', '7']",102210.jpg
606,"['0', '3', '8']",102211.jpg
607,"['0', '8']",102200.jpg
608,"['0', '3', '5', '8']",102203.jpg
609,"['1', '2', '3', '4', '5', '6', '7']",102208.jpg
610,"['1', '2', '4', '5', '6']",102206.jpg
611,"['1', '2', '3', '4', '5', '6', '7']",102201.jpg
612,"['1', '2', '3', '5', '6', '7', '8']",102202.jpg
613,"['5', '6', '8']",102199.jpg
614,"['1', '2', '4', '5', '6', '7']",102209.jpg
615,"['5', '6', '8']",102212.jpg
616,"['0', '3', '5', '8']",102213.jpg
617,"['1', '2', '3', '5', '6', '7']",102215.jpg
618,"['2', '4', '5', '6']",102227.jpg
619,"['3', '5', '6', '7']",102218.jpg
620,"['3', '8']",102222.jpg
621,"['6', '8']",102217.jpg
622,"['5', '6', '8']",102223.jpg
623,"['1', '2', '3', '5', '6', '7']",102225.jpg
624,"['1', '2', '4', '5', '6', '8']",102224.jpg
625,"['0', '1', '3', '5', '6', '8']",102216.jpg
626,"['0', '3', '8']",102229.jpg
627,"['1', '2', '4', '5', '6', '7']",102232.jpg
628,"['0', '2', '3', '5', '8']",102244.jpg
629,"['2', '3', '5', '6', '8']",102234.jpg
630,"['3', '8']",102239.jpg
631,"['1', '2', '3', '5', '6']",102238.jpg
632,"['0', '3', '5', '6', '8']",102236.jpg
633,"['3', '8']",102240.jpg
634,"['1', '2', '4', '5', '6', '7', '8']",102237.jpg
635,['8'],102242.jpg
636,"['1', '2', '4', '5', '6', '7', '8']",102235.jpg
637,"['1', '2', '4', '5', '6']",102245.jpg
638,"['1', '2', '3', '5', '6']",102248.jpg
639,"['0', '2', '5', '6', '8']",102249.jpg
640,"['1', '2', '3', '4', '5', '6']",102250.jpg
641,"['0', '1', '5', '6']",102251.jpg
642,"['1', '2', '4', '5', '6', '7']",102255.jpg
643,"['1', '2', '4', '5', '6']",102260.jpg
644,"['0', '3', '8']",102269.jpg
645,"['0', '3', '8']",102261.jpg
646,"['1', '2', '3', '4', '5', '6']",102256.jpg
647,"['1', '2', '4', '5', '6', '7']",10230.jpg
648,"['1', '2', '5', '6', '8']",101945.jpg
649,"['1', '2', '3', '4', '5', '6']",102270.jpg
650,"['0', '1', '2', '3', '5', '6', '8']",101897.jpg
651,"['2', '3', '5', '6']",102169.jpg
652,"['1', '2', '3', '4', '5', '6', '7']",102275.jpg
653,"['1', '2', '5', '6', '7']",102274.jpg
654,"['1', '2', '3', '4', '5', '6', '7']",102273.jpg
655,"['0', '8']",101869.jpg
656,"['3', '5', '6', '8']",102018.jpg
657,"['0', '5', '8']",102272.jpg
658,"['0', '6', '8']",102278.jpg
659,"['1', '2', '4', '5', '6', '8']",102279.jpg
660,"['2', '3', '5', '6', '8']",102298.jpg
661,"['0', '3', '8']",102288.jpg
662,"['1', '3', '5', '8']",102297.jpg
663,"['1', '2', '3', '4', '5', '6', '7']",102283.jpg
664,"['6', '8']",102286.jpg
665,"['1', '2', '3', '4', '5', '6', '7']",102296.jpg
666,"['1', '2', '4', '5', '6']",102292.jpg
667,"['1', '2', '3', '5', '6', '7', '8']",102282.jpg
668,"['1', '2', '4', '5', '6', '7']",1025.jpg
669,"['1', '2', '4', '5', '6', '7']",10235.jpg
670,"['1', '2', '3', '4', '5', '6', '7']",10241.jpg
671,"['3', '5']",102302.jpg
672,"['0', '1', '2', '5', '6', '8']",10247.jpg
673,"['1', '2', '4', '5', '6']",102303.jpg
674,"['0', '1', '3', '5']",10245.jpg
675,"['1', '2', '3', '4', '5', '6']",10249.jpg
676,"['0', '8']",10248.jpg
677,['8'],102305.jpg
678,"['1', '2', '3', '5', '6', '8']",10250.jpg
679,"['1', '2', '3', '4', '5', '6', '7']",10253.jpg
680,"['5', '6', '8']",102300.jpg
681,"['0', '3', '8']",10252.jpg
682,"['1', '2', '4', '5', '6', '8']",102310.jpg
683,"['1', '2', '5', '6', '8']",102307.jpg
684,"['0', '3', '8']",102345.jpg
685,"['0', '3', '5', '8']",102313.jpg
686,"['1', '2', '3', '5', '6', '7']",102356.jpg
687,"['2', '4', '5', '6', '7', '8']",102315.jpg
688,"['1', '2', '3', '4', '5', '6', '7']",102312.jpg
689,"['2', '5', '6', '8']",102346.jpg
690,"['1', '2', '3', '4', '5', '6', '7']",102351.jpg
691,"['1', '2', '3', '5', '6', '8']",102311.jpg
692,"['1', '2', '4', '5', '6', '7']",102362.jpg
693,"['1', '2', '4', '5', '6', '7']",102363.jpg
694,"['1', '2', '3', '4', '5', '6', '7']",102364.jpg
695,"['0', '3', '5']",102379.jpg
696,"['1', '2', '3', '4', '5', '6', '7']",102367.jpg
697,['8'],102368.jpg
698,"['1', '2', '3', '4', '5', '6']",102370.jpg
699,"['1', '2', '4', '5', '6', '7']",102371.jpg
700,"['1', '2', '4', '5', '6']",102366.jpg
701,"['1', '2', '4', '5', '6', '7']",102373.jpg
702,"['2', '6']",102374.jpg
703,"['0', '1', '3', '8']",102377.jpg
704,"['1', '2', '3', '4', '5', '6', '7']",102380.jpg
705,"['5', '8']",102382.jpg
706,"['1', '2', '5', '6']",102324.jpg
707,"['5', '8']",102323.jpg
708,"['1', '2', '4', '5', '6', '7', '8']",102316.jpg
709,"['0', '3', '5', '6', '8']",102384.jpg
710,"['1', '2', '4', '5', '6']",102317.jpg
711,"['1', '2', '4', '5', '6', '7']",102319.jpg
712,"['1', '2', '3', '4', '5', '6']",102322.jpg
713,"['1', '2', '3', '4', '5', '6', '7']",102383.jpg
714,"['1', '2', '4', '5', '6', '7']",102318.jpg
715,"['1', '2', '4', '5', '6']",102325.jpg
716,"['1', '2', '3', '4', '5', '6', '7']",102327.jpg
717,"['0', '2', '5', '6', '8']",102401.jpg
718,"['5', '8']",102392.jpg
719,"['1', '2', '3', '4', '5', '6']",102328.jpg
720,"['3', '8']",102387.jpg
721,"['1', '2', '5', '6']",102386.jpg
722,"['0', '2', '3', '5']",102404.jpg
723,"['1', '2', '3', '4', '5', '6', '7']",102400.jpg
724,"['2', '3', '5', '6', '7', '8']",102396.jpg
725,"['1', '2', '4', '5', '6']",102399.jpg
726,"['3', '6', '8']",102408.jpg
727,"['0', '8']",102407.jpg
728,"['0', '5', '6', '8']",102409.jpg
729,"['1', '2', '5', '6']",102422.jpg
730,"['0', '3', '8']",102411.jpg
731,"['2', '5', '6', '8']",102421.jpg
732,"['0', '2', '3', '5', '8']",102419.jpg
733,"['1', '2', '4', '5', '6', '7']",102418.jpg
734,"['6', '8']",102423.jpg
735,"['2', '3', '4', '5', '6', '7']",102416.jpg
736,"['5', '6']",102425.jpg
737,"['3', '5', '6', '8']",102329.jpg
738,"['1', '2', '4', '5', '6']",102344.jpg
739,"['1', '2', '4', '5', '6', '7']",102334.jpg
740,"['1', '2', '3', '4', '5', '6']",102332.jpg
741,"['1', '2', '3', '5', '6', '7', '8']",102333.jpg
742,"['1', '2', '4', '5', '6', '7']",102330.jpg
743,"['5', '8']",102343.jpg
744,"['0', '3', '8']",102337.jpg
745,"['1', '2', '3', '4', '5', '6']",102280.jpg
746,"['1', '2', '4', '5', '6', '7', '8']",102437.jpg
747,"['0', '3', '8']",102430.jpg
748,"['1', '2', '4', '5', '6', '7']",102445.jpg
749,"['3', '5', '6', '8']",102440.jpg
750,"['2', '5', '6', '8']",102447.jpg
751,"['0', '6', '8']",102439.jpg
752,"['3', '6', '8']",102449.jpg
753,"['1', '2', '3', '4', '5', '6', '7']",102441.jpg
754,"['0', '6', '8']",102453.jpg
755,"['0', '5']",102450.jpg
756,"['1', '2', '5', '6', '8']",102454.jpg
757,"['1', '2', '3', '5', '6', '7']",102455.jpg
758,"['6', '8']",102456.jpg
759,"['0', '3', '5', '6', '8']",102475.jpg
760,"['0', '8']",102466.jpg
761,"['0', '1', '8']",102464.jpg
762,"['1', '2', '3', '4', '5', '6', '7']",102457.jpg
763,['8'],102460.jpg
764,"['5', '6', '8']",102478.jpg
765,"['0', '1', '2', '5', '6', '8']",102472.jpg
766,"['6', '8']",102468.jpg
767,"['2', '4', '5', '6', '7', '8']",102474.jpg
768,"['1', '2', '3', '4', '5', '6', '7']",102473.jpg
769,"['2', '5', '6']",102481.jpg
770,"['1', '2', '3', '4', '5', '6']",102480.jpg
771,"['1', '2', '4', '5', '6', '7']",102495.jpg
772,"['1', '2', '4', '5', '6', '7']",102493.jpg
773,"['0', '3', '8']",102486.jpg
774,"['0', '1', '2', '5', '6', '8']",102488.jpg
775,"['6', '8']",102500.jpg
776,"['0', '5', '6']",102499.jpg
777,"['1', '2', '3', '4', '5', '6', '7']",102506.jpg
778,"['0', '8']",102504.jpg
779,"['0', '3', '8']",102507.jpg
780,"['3', '5', '6', '8']",102508.jpg
781,"['2', '3', '5', '6', '8']",102521.jpg
782,['3'],102511.jpg
783,"['5', '8']",102510.jpg
784,"['0', '3', '8']",102509.jpg
785,"['2', '3', '5', '6']",102512.jpg
786,"['1', '2', '3', '5', '6', '8']",102514.jpg
787,['8'],102515.jpg
788,"['2', '4', '5', '6', '7', '8']",102518.jpg
789,"['0', '3', '8']",102513.jpg
790,"['1', '2', '4', '5', '6', '7']",102524.jpg
791,"['3', '8']",10258.jpg
792,['8'],102526.jpg
793,"['1', '2', '3', '4', '5', '6', '7']",102531.jpg
794,"['1', '2', '3', '5', '6', '7']",102534.jpg
795,"['1', '2', '4', '5', '6', '7']",10255.jpg
796,"['1', '2', '4', '5', '6']",102535.jpg
797,"['0', '2', '6', '8']",10254.jpg
798,"['1', '2', '5', '6', '7', '8']",10256.jpg
799,"['1', '2', '4', '5', '6', '7']",10257.jpg
800,"['6', '8']",102527.jpg
801,"['1', '2', '4', '5', '6', '7']",10259.jpg
802,"['0', '3', '8']",10260.jpg
803,"['0', '3', '8']",10269.jpg
804,"['1', '2', '4', '5', '6', '7']",102536.jpg
805,['8'],10268.jpg
806,"['0', '3', '8']",10265.jpg
807,"['3', '8']",102542.jpg
808,"['1', '2', '4', '5', '6', '7']",102538.jpg
809,"['1', '2', '5', '6']",102541.jpg
810,"['3', '8']",102543.jpg
811,"['1', '2', '4', '5', '6', '7']",102544.jpg
812,"['1', '2', '3', '4', '5', '6', '7']",102336.jpg
813,"['1', '2', '4', '5', '6', '7', '8']",102341.jpg
814,['8'],102277.jpg
815,"['1', '2', '3', '4', '5', '6', '7']",102293.jpg
816,"['0', '3', '8']",102545.jpg
817,"['1', '2', '3', '5', '6', '7']",102393.jpg
818,"['1', '2', '3', '4', '5', '6', '7']",102548.jpg
819,"['1', '2', '5', '6']",102547.jpg
820,"['1', '2', '4', '5', '6']",102555.jpg
821,"['1', '2', '4', '5', '6']",102554.jpg
822,"['0', '2', '5', '6', '8']",102557.jpg
823,"['3', '8']",102561.jpg
824,"['1', '2', '5', '6', '8']",102560.jpg
825,"['1', '2', '4', '5', '6', '7']",102570.jpg
826,"['1', '2', '3', '5', '6', '8']",102574.jpg
827,"['0', '1', '2', '5', '6', '8']",102564.jpg
828,"['1', '2', '3', '5', '6', '8']",102576.jpg
829,"['0', '8']",102567.jpg
830,"['1', '2', '4', '5', '6', '7', '8']",102563.jpg
831,"['1', '2', '3', '4', '5', '6', '7']",102569.jpg
832,"['3', '5', '6', '8']",102579.jpg
833,"['1', '2', '3', '4', '5', '6', '7']",102596.jpg
834,"['0', '3', '8']",102580.jpg
835,"['0', '6', '8']",102581.jpg
836,"['2', '3', '5', '6']",102591.jpg
837,"['0', '3', '8']",102595.jpg
838,"['1', '2', '4', '5', '6', '7']",102583.jpg
839,"['1', '2', '3', '5', '6']",102593.jpg
840,"['0', '3', '8']",102592.jpg
841,"['6', '8']",102588.jpg
842,"['1', '2', '5', '6', '7']",102589.jpg
843,"['1', '2', '3', '5', '6', '7']",102599.jpg
844,"['1', '2', '3', '4', '5', '6']",102601.jpg
845,"['3', '6', '8']",102618.jpg
846,"['1', '2', '4', '5', '6', '7']",102608.jpg
847,"['1', '2', '5', '6', '8']",102609.jpg
848,"['1', '2', '3', '4', '5', '6']",102606.jpg
849,"['1', '2', '4', '5', '6', '7']",102617.jpg
850,"['1', '2', '4', '5', '6']",102615.jpg
851,"['0', '3', '5', '8']",102613.jpg
852,"['1', '2', '4', '5', '6', '7']",102604.jpg
853,['8'],102610.jpg
854,"['1', '2', '4', '5', '6', '7']",102619.jpg
855,"['1', '2', '3', '4', '5', '6']",102621.jpg
856,"['2', '3', '5', '6', '7', '8']",102633.jpg
857,"['2', '3', '5', '6', '7', '8']",102626.jpg
858,"['1', '2', '5', '6', '8']",102629.jpg
859,"['1', '2', '4', '5', '6', '7']",102622.jpg
860,"['6', '8']",102630.jpg
861,"['1', '2', '4', '5', '6', '7']",102627.jpg
862,"['1', '2', '4', '5', '6', '7']",102624.jpg
863,"['1', '2', '4', '5', '6', '7']",102634.jpg
864,"['1', '2', '4', '5', '6', '7']",102638.jpg
865,"['1', '2', '3', '4', '5', '6']",102645.jpg
866,"['1', '2', '3', '4', '5', '6', '7']",102646.jpg
867,"['0', '3', '8']",102658.jpg
868,"['6', '8']",102649.jpg
869,"['1', '2', '4', '5', '6']",102661.jpg
870,"['0', '2', '5', '6']",102657.jpg
871,"['1', '2', '3', '4', '5', '6', '7']",102647.jpg
872,"['6', '8']",102651.jpg
873,"['0', '1', '2', '5', '6', '8']",102660.jpg
874,"['1', '2', '4', '5', '6']",102659.jpg
875,"['3', '8']",102662.jpg
876,"['1', '2', '3', '4', '5', '6']",102664.jpg
877,"['3', '8']",102681.jpg
878,"['1', '2', '4', '5', '6', '7']",102652.jpg
879,"['1', '2', '3', '4', '5', '6', '7']",102666.jpg
880,"['1', '2', '4', '5', '6', '7']",102668.jpg
881,"['1', '2', '4', '5', '6', '7']",102676.jpg
882,"['1', '2', '3', '4', '5', '6']",102678.jpg
883,"['1', '2', '5', '6']",102679.jpg
884,"['0', '3', '8']",102677.jpg
885,"['1', '2', '4', '5', '6', '7']",102682.jpg
886,"['2', '4', '5', '6']",102703.jpg
887,"['0', '3', '8']",102683.jpg
888,"['1', '2', '4', '5', '6', '7']",102695.jpg
889,"['0', '2', '3', '5', '6']",102698.jpg
890,"['1', '2', '3', '4', '5', '6', '7']",102686.jpg
891,"['0', '8']",102687.jpg
892,"['1', '2', '5', '6']",102699.jpg
893,"['1', '2', '5', '6', '8']",102700.jpg
894,"['3', '8']",102685.jpg
895,"['0', '1', '2', '3', '5', '6', '8']",102694.jpg
896,"['0', '3', '8']",102704.jpg
897,"['1', '2', '3', '4', '5', '6', '7']",10285.jpg
898,"['0', '3', '5', '6', '8']",102706.jpg
899,"['1', '2', '4', '5', '6']",10275.jpg
900,"['1', '2', '3', '5', '6']",10273.jpg
901,"['0', '8']",10272.jpg
902,"['1', '5', '6']",102709.jpg
903,"['1', '2', '3', '4', '5', '6', '7']",10274.jpg
904,"['1', '2', '3', '5', '6', '7']",10283.jpg
905,"['1', '2', '3', '5', '6', '7', '8']",10278.jpg
906,"['1', '2', '4', '5', '6', '7']",10288.jpg
907,"['1', '2', '3', '5', '6', '7']",102575.jpg
908,"['1', '2', '5', '6', '8']",102711.jpg
909,"['0', '3', '8']",102712.jpg
910,"['6', '8']",102732.jpg
911,"['1', '2', '4', '5', '6', '7']",102724.jpg
912,"['0', '3', '8']",102716.jpg
913,"['2', '5', '6', '8']",102727.jpg
914,"['0', '2', '3', '5']",102713.jpg
915,"['1', '2', '5', '6', '8']",102731.jpg
916,"['1', '2', '3', '5', '6']",102728.jpg
917,['8'],102723.jpg
918,"['1', '2', '3', '5', '6', '8']",102729.jpg
919,"['0', '2', '3', '5', '6', '8']",102733.jpg
920,"['6', '8']",102758.jpg
921,"['1', '2', '5', '6']",102734.jpg
922,"['1', '2', '5', '6', '8']",102741.jpg
923,"['2', '3', '5', '6']",102747.jpg
924,"['1', '2', '3', '4', '5', '6', '7', '8']",102755.jpg
925,"['5', '8']",102753.jpg
926,"['3', '6', '8']",102754.jpg
927,"['1', '2', '3', '6', '8']",102738.jpg
928,"['1', '2', '3', '4', '5', '6']",102743.jpg
929,"['1', '2', '5', '6']",102745.jpg
930,"['1', '5', '6']",102759.jpg
931,"['0', '3', '8']",102762.jpg
932,"['0', '1', '2', '5', '6', '7', '8']",102766.jpg
933,"['1', '2', '3', '4', '5', '6', '7']",102778.jpg
934,"['0', '6', '8']",102763.jpg
935,"['2', '4', '5', '6', '7', '8']",102770.jpg
936,"['2', '3', '4', '5', '6', '7']",102769.jpg
937,"['0', '2', '3', '8']",102773.jpg
938,['8'],102768.jpg
939,"['1', '2', '4', '5', '6', '7']",102775.jpg
940,"['1', '2', '3', '5', '6', '8']",102774.jpg
941,"['0', '3', '8']",102779.jpg
942,"['0', '2', '3', '8']",102780.jpg
943,"['1', '2', '4', '5', '6']",102781.jpg
944,"['0', '3', '5', '8']",102805.jpg
945,"['1', '2', '3', '4', '5', '6']",102804.jpg
946,"['0', '3', '4', '5']",102784.jpg
947,"['1', '2', '4', '5', '6', '7']",102790.jpg
948,"['1', '2', '4', '5', '6', '7']",102794.jpg
949,"['0', '3', '5', '8']",102795.jpg
950,"['1', '2', '5', '6']",102782.jpg
951,"['1', '2', '4', '5', '6', '7']",102801.jpg
952,"['1', '2', '4', '5', '6', '7']",102788.jpg
953,"['1', '2', '3', '4', '5', '6', '7']",102807.jpg
954,"['0', '1', '2', '6', '8']",102809.jpg
955,"['1', '2', '4', '5', '6']",102826.jpg
956,"['1', '2', '3', '4', '5', '6', '7']",102820.jpg
957,"['0', '3', '8']",102822.jpg
958,"['6', '8']",102821.jpg
959,"['0', '3', '5', '6', '8']",102825.jpg
960,"['2', '3', '5', '6', '7', '8']",102811.jpg
961,"['1', '2', '3', '5', '6', '8']",102819.jpg
962,"['1', '2', '5', '6']",102818.jpg
963,"['0', '3', '8']",102816.jpg
964,"['1', '2', '3', '4', '5', '6', '7']",102829.jpg
965,['8'],102772.jpg
966,"['3', '8']",102848.jpg
967,"['3', '5', '6', '8']",102831.jpg
968,"['1', '2', '3', '4', '5', '6']",102842.jpg
969,"['1', '2', '4', '5', '6', '7']",10289.jpg
970,"['0', '8']",102833.jpg
971,"['1', '2', '4', '5', '6', '7']",10276.jpg
972,"['2', '3', '4', '5', '6', '7']",102846.jpg
973,"['3', '5']",102837.jpg
974,"['3', '5', '8']",102845.jpg
975,"['0', '3', '5', '8']",102849.jpg
976,"['1', '2', '3', '4', '5', '6', '7']",102850.jpg
977,"['0', '3', '8']",102852.jpg
978,"['0', '1', '3', '8']",102863.jpg
979,"['0', '5', '8']",102868.jpg
980,"['1', '2', '5', '6', '7']",102856.jpg
981,"['1', '2', '4', '5', '6']",102858.jpg
982,"['1', '2', '4', '5', '6', '8']",102853.jpg
983,"['0', '1', '2', '5', '6', '7']",102867.jpg
984,"['1', '2', '4', '5', '6', '7']",102855.jpg
985,"['1', '2', '4', '5', '6', '7']",102861.jpg
986,"['0', '2', '5', '6', '8']",102870.jpg
987,['1'],102892.jpg
988,"['1', '2', '3', '5', '6', '7']",102871.jpg
989,"['3', '4', '6']",102875.jpg
990,"['2', '5', '6', '8']",102883.jpg
991,"['3', '5', '6', '7']",102888.jpg
992,"['1', '2', '5', '6', '8']",102880.jpg
993,"['0', '3', '8']",102887.jpg
994,"['1', '2', '3', '4', '5', '6', '7']",102886.jpg
995,"['0', '8']",102876.jpg
996,"['1', '2', '3', '4', '5', '6']",102893.jpg
997,"['1', '2', '3', '4', '5', '6']",102896.jpg
998,"['1', '2', '3', '4', '5', '6', '7']",102898.jpg
999,"['1', '2', '4', '5', '6', '7', '8']",102884.jpg
1000,['3'],10056.jpg
1001,"['1', '2', '5', '6', '7']",10057.jpg
1002,"['1', '4', '5', '6', '7', '8']",10062.jpg
1003,"['3', '8']",10069.jpg
1004,"['1', '2', '4', '5', '6', '7']",100557.jpg
1005,"['0', '5', '8']",10063.jpg
1006,"['3', '8']",10061.jpg
1007,"['0', '3', '8']",10058.jpg
1008,"['2', '4', '5', '6', '7']",10070.jpg
1009,"['1', '2', '4', '5', '6', '7']",10065.jpg
1010,"['1', '2', '4', '5', '6', '8']",100559.jpg
1012,"['1', '3', '4', '5', '6']",100561.jpg
1013,"['1', '2', '4', '5', '6', '7']",100564.jpg
1014,"['0', '8']",100565.jpg
1015,"['0', '8']",100568.jpg
1016,"['1', '2', '5', '6', '7']",100575.jpg
1017,"['1', '2', '3', '5', '6', '7']",100570.jpg
1018,"['2', '4', '5', '6', '7', '8']",100579.jpg
1019,"['1', '2', '4', '5', '6', '7']",100569.jpg
1020,"['1', '5', '6', '7']",100574.jpg
1021,"['1', '2', '5', '6', '8']",100567.jpg
1022,"['1', '2', '4', '5', '6']",100582.jpg
1023,"['1', '2', '4', '5', '6', '7']",100585.jpg
1024,"['0', '8']",100586.jpg
1025,"['1', '2', '3', '4', '5', '6', '7']",100589.jpg
1026,"['1', '2', '5', '6', '8']",100587.jpg
1027,"['2', '3', '5', '6']",100588.jpg
1028,"['1', '2', '3', '4', '5', '6', '7']",100604.jpg
1029,"['0', '1', '3', '5', '6']",100593.jpg
1030,"['1', '2', '4', '5', '6']",100594.jpg
1031,"['1', '2', '4', '5', '6']",100601.jpg
1032,"['1', '2', '3', '4', '5', '6', '7']",100603.jpg
1033,"['1', '2', '3', '5', '6']",100607.jpg
1034,"['0', '2', '3', '6', '8']",100608.jpg
1035,"['1', '2', '3', '4', '5', '6', '7']",100628.jpg
1036,"['1', '2', '5', '6', '8']",100610.jpg
1037,"['1', '2', '3', '4', '5', '6']",100619.jpg
1038,"['1', '2', '3', '5', '6']",100614.jpg
1039,"['5', '6', '8']",100625.jpg
1040,"['3', '8']",100626.jpg
1041,"['0', '3', '8']",100622.jpg
1042,"['2', '5', '6', '8']",100621.jpg
1043,"['1', '2', '3', '4', '5', '6', '7']",100612.jpg
1044,"['0', '3', '8']",100630.jpg
1045,"['1', '2', '4', '5', '6']",100631.jpg
1046,"['0', '6', '8']",100638.jpg
1047,"['1', '2', '3', '5', '6', '7', '8']",100640.jpg
1048,"['1', '2', '3', '4', '5', '6', '7']",100641.jpg
1049,"['1', '2', '4', '5', '6', '7']",100639.jpg
1050,"['1', '2', '6', '8']",100648.jpg
1051,"['1', '6', '8']",100659.jpg
1052,"['1', '2', '3', '5', '6', '7']",100651.jpg
1053,"['0', '3', '8']",100656.jpg
1054,"['1', '2', '3', '4', '5', '6', '7']",100654.jpg
1055,"['1', '2', '5', '6', '8']",100663.jpg
1056,"['1', '2', '3', '4', '5', '6', '7', '8']",100664.jpg
1057,"['1', '2', '4', '5', '6', '7']",100665.jpg
1058,"['0', '2', '3', '5', '8']",100678.jpg
1059,"['1', '2', '5', '6', '7', '8']",100671.jpg
1060,"['2', '5', '8']",100669.jpg
1061,"['5', '6']",100674.jpg
1062,"['0', '3', '8']",100670.jpg
1063,"['0', '3', '8']",100668.jpg
1064,"['1', '2', '4', '5', '6', '7']",100675.jpg
1065,"['1', '2', '4', '5', '6', '7']",100677.jpg
1066,"['3', '8']",100655.jpg
1067,"['1', '2', '3', '5', '6']",100692.jpg
1068,"['0', '1', '5', '8']",100689.jpg
1069,"['0', '3', '8']",100688.jpg
1070,"['2', '3', '5', '6', '8']",100679.jpg
1071,"['0', '3', '5', '6', '8']",100685.jpg
1072,"['3', '8']",100684.jpg
1073,"['6', '8']",100683.jpg
1074,"['1', '2', '3', '4', '5', '6', '7']",100682.jpg
1075,"['1', '2', '3', '5', '6']",100693.jpg
1076,"['1', '5', '6', '7']",100646.jpg
1077,"['1', '2', '3', '5', '6', '8']",100695.jpg
1078,"['3', '5', '6', '8']",100701.jpg
1079,"['1', '2', '3', '4', '5', '6', '7']",100714.jpg
1080,"['1', '2', '4', '5', '6', '7']",100713.jpg
1081,"['0', '8']",100704.jpg
1082,"['1', '2', '3', '4', '5', '6', '7']",100709.jpg
1083,"['1', '2', '5', '6', '8']",100708.jpg
1084,['8'],100718.jpg
1085,"['1', '2', '4', '5', '6', '7']",100721.jpg
1086,"['1', '2', '3', '4', '5', '6']",100736.jpg
1087,"['5', '6', '8']",100724.jpg
1088,"['0', '1', '2', '4', '5', '6', '7', '8']",100722.jpg
1089,"['3', '6']",100725.jpg
1090,"['1', '2', '4', '5', '6']",100728.jpg
1091,"['1', '2', '4', '5', '6']",100729.jpg
1092,"['0', '3', '5', '6']",100730.jpg
1093,"['0', '1', '8']",100727.jpg
1094,['8'],100726.jpg
1095,"['1', '2', '3', '5', '6', '8']",100703.jpg
1096,"['1', '2', '4', '5', '6', '7']",100739.jpg
1097,"['3', '8']",10086.jpg
1098,"['1', '2', '4', '5', '6', '7']",100745.jpg
1099,"['6', '8']",100748.jpg
1100,"['1', '2', '3', '4', '5', '6', '7']",10077.jpg
1101,"['1', '2', '3', '5', '6', '8']",100750.jpg
1102,"['6', '8']",10078.jpg
1103,"['1', '2', '4', '5', '6']",10076.jpg
1104,"['1', '2', '4', '5', '6', '7']",10084.jpg
1105,"['0', '5', '8']",10082.jpg
1106,"['1', '2', '3', '4', '5', '6']",10089.jpg
1107,"['1', '2', '4', '5', '6', '7']",100753.jpg
1108,"['1', '2', '3', '4', '5', '6', '7']",100758.jpg
1109,"['1', '2', '4', '5', '6', '7']",10096.jpg
1110,"['1', '2', '5', '6', '7']",1010.jpg
1111,"['1', '2', '3', '5', '6']",10095.jpg
1112,"['1', '2', '3', '5', '6', '8']",10093.jpg
1113,"['1', '2', '3', '4', '5', '6', '7']",100755.jpg
1114,"['0', '3', '8']",10102.jpg
1115,['0'],10101.jpg
1116,"['2', '5', '6']",10097.jpg
1117,"['1', '2', '4', '5', '6', '7']",10105.jpg
1118,"['1', '2', '3', '5', '6', '7']",10108.jpg
1119,"['0', '8']",100773.jpg
1120,"['0', '3', '8']",100765.jpg
1121,"['1', '2', '4', '5', '6']",100766.jpg
1122,"['0', '3', '8']",100760.jpg
1123,"['1', '2', '3', '4', '5', '6', '7']",100767.jpg
1124,"['1', '2', '4', '5', '6', '7']",100916.jpg
1125,"['1', '2', '5', '6']",100769.jpg
1126,"['1', '2', '4', '5', '6', '7']",100759.jpg
1127,"['0', '1', '2', '6', '8']",100771.jpg
1128,"['1', '2', '3', '4', '5', '6']",100775.jpg
1129,"['1', '2', '4', '5', '6', '7']",100776.jpg
1130,"['0', '3', '5', '6', '8']",100935.jpg
1131,"['1', '2', '3', '4', '5', '6', '7']",100933.jpg
1132,"['1', '2', '4', '5', '6', '7']",100922.jpg
1133,"['0', '8']",100930.jpg
1134,"['6', '8']",100934.jpg
1135,"['3', '6', '8']",100929.jpg
1136,"['1', '2', '4', '5', '6', '7']",100919.jpg
1137,"['2', '4', '5', '6']",100932.jpg
1138,"['1', '2', '4', '5', '6', '7']",100917.jpg
1139,"['1', '2', '3', '5', '6', '8']",100936.jpg
1140,"['3', '6', '8']",100778.jpg
1141,"['1', '2', '4', '5', '6', '7']",100795.jpg
1142,"['1', '2', '4', '5', '6', '7']",100785.jpg
1143,"['0', '3', '8']",100784.jpg
1144,"['1', '2', '3', '4', '5', '6', '7', '8']",100788.jpg
1145,"['1', '2', '4', '5', '6', '7']",100790.jpg
1146,"['1', '2', '4', '5', '6', '7']",100779.jpg
1147,['3'],100793.jpg
1148,"['1', '2', '4', '5', '6', '7']",100787.jpg
1149,"['0', '3', '5', '8']",100783.jpg
1150,"['1', '2', '4', '5', '6', '7']",100937.jpg
1151,"['1', '2', '5', '6', '8']",100941.jpg
1152,"['0', '1', '8']",100802.jpg
1153,"['0', '3', '8']",100944.jpg
1154,"['1', '2', '4', '5', '6']",100951.jpg
1155,"['1', '2', '4', '5', '6', '7']",100952.jpg
1156,"['0', '2', '5', '6', '8']",100947.jpg
1157,"['1', '2', '5', '6', '7']",100956.jpg
1158,"['0', '3', '8']",100960.jpg
1159,"['3', '8']",100953.jpg
1160,"['1', '2', '3', '4', '5', '6', '7']",100800.jpg
1161,"['0', '2', '3', '5', '8']",100803.jpg
1162,"['0', '3', '6', '8']",100807.jpg
1163,"['1', '2', '4', '5', '6', '8']",100964.jpg
1164,"['1', '2', '3', '4', '5', '6']",100815.jpg
1165,"['1', '2', '3', '4', '5', '6', '7']",100962.jpg
1166,"['3', '6', '8']",100814.jpg
1167,"['0', '1', '5', '6', '8']",100810.jpg
1168,"['1', '2', '3', '4', '5', '6', '7', '8']",100811.jpg
1169,"['0', '3', '8']",100809.jpg
1170,"['5', '6', '8']",100961.jpg
1171,"['0', '3', '5', '8']",100813.jpg
1172,"['1', '2', '4', '5', '6', '7']",100946.jpg
1173,"['0', '3', '8']",100965.jpg
1174,"['0', '3', '5', '8']",100966.jpg
1175,"['3', '8']",100972.jpg
1176,"['1', '2', '3', '4', '5', '6', '7']",100974.jpg
1177,"['3', '6', '8']",100978.jpg
1178,"['1', '2', '4', '5', '6', '7']",100971.jpg
1179,"['1', '2', '6', '8']",100979.jpg
1180,"['6', '8']",100820.jpg
1181,"['0', '1', '5', '6']",100819.jpg
1182,"['1', '2', '3', '4', '5', '6', '7']",100818.jpg
1183,"['1', '2', '4', '5', '6', '7']",100817.jpg
1184,"['1', '2', '4', '5', '6', '7', '8']",100821.jpg
1185,"['1', '2', '3', '5', '6', '8']",100822.jpg
1186,"['1', '2', '4', '5', '6', '7']",100990.jpg
1187,"['1', '2', '3', '5', '6', '7', '8']",100983.jpg
1188,"['0', '8']",100825.jpg
1189,"['1', '2', '4', '5', '6']",100824.jpg
1190,"['3', '8']",100988.jpg
1191,"['0', '3', '5', '8']",100826.jpg
1192,"['0', '2', '5', '6', '8']",100823.jpg
1193,"['1', '2', '4', '5', '6', '7']",100985.jpg
1194,"['0', '3', '5', '6', '8']",100992.jpg
1195,"['1', '2', '4', '5', '6', '7']",100835.jpg
1196,['8'],100994.jpg
1197,"['0', '8']",100995.jpg
1198,"['1', '2', '4', '5', '6', '7']",100997.jpg
1199,"['1', '2', '3', '4', '5', '6']",100833.jpg
1200,"['1', '2', '4', '5', '6']",100834.jpg
1201,"['1', '2', '3', '5', '6', '7']",100996.jpg
1202,"['1', '2', '5', '6', '7']",100827.jpg
1203,"['1', '2', '3', '4', '5', '6', '7']",100828.jpg
1204,"['1', '2', '3', '4', '5', '6', '7']",100829.jpg
1205,"['1', '2', '4', '5', '6', '7']",100981.jpg
1206,"['1', '2', '3', '4', '5', '6', '7']",100837.jpg
1207,"['0', '3', '5']",101006.jpg
1208,"['0', '5', '8']",101001.jpg
1209,"['5', '6', '8']",101005.jpg
1210,"['0', '2', '5', '6', '8']",100842.jpg
1211,"['1', '2', '3', '5', '6']",101002.jpg
1212,"['1', '2', '4', '5', '6']",101003.jpg
1213,"['3', '8']",100846.jpg
1214,"['6', '8']",101000.jpg
1215,"['0', '2', '3', '6', '8']",100845.jpg
1216,"['1', '2', '3', '4', '5', '6']",101007.jpg
1217,"['1', '2', '3', '4', '5', '6', '7']",101008.jpg
1218,"['3', '5', '6', '8']",101010.jpg
1219,"['1', '2', '4', '5', '6', '7']",100847.jpg
1220,"['6', '8']",100850.jpg
1221,"['1', '2', '4', '5', '6']",100852.jpg
1222,"['6', '8']",100853.jpg
1223,"['3', '5', '6', '8']",101011.jpg
1224,"['1', '2', '3', '4', '5', '6']",100855.jpg
1225,"['6', '8']",100859.jpg
1226,"['1', '2', '4', '5', '6', '7']",100860.jpg
1227,"['0', '2', '3', '5', '6', '8']",100861.jpg
1228,"['1', '2', '4', '5', '6']",101023.jpg
1229,"['0', '8']",100862.jpg
1230,"['1', '2', '5', '6', '7']",101013.jpg
1231,"['1', '2', '3', '4', '5', '6', '7', '8']",101018.jpg
1232,"['1', '5', '6', '7']",100864.jpg
1233,"['1', '2', '5', '6']",101020.jpg
1234,"['1', '2', '4', '5', '6', '7']",101022.jpg
1235,"['0', '8']",101021.jpg
1236,['8'],101012.jpg
1237,"['0', '1', '2', '3', '5', '6', '7']",101016.jpg
1238,"['3', '5', '8']",101025.jpg
1239,"['1', '2', '3', '4', '5', '6', '7']",101026.jpg
1240,"['0', '3', '5', '6', '8']",100887.jpg
1242,"['3', '5', '6', '8']",100867.jpg
1243,"['2', '5', '6', '8']",100866.jpg
1244,"['0', '2', '3', '5', '8']",100875.jpg
1245,"['1', '2', '4', '5', '6', '7']",100888.jpg
1246,"['1', '2', '5', '6', '7']",100886.jpg
1247,"['1', '2', '3', '4', '5', '6']",100874.jpg
1248,"['0', '2', '3', '5', '6', '7']",100868.jpg
1249,"['0', '1', '2', '3', '5', '6', '8']",100876.jpg
1250,"['1', '2', '4', '5', '6', '7']",101029.jpg
1251,"['1', '4', '5', '6', '7', '8']",101035.jpg
1252,"['1', '2', '5', '6', '7']",101032.jpg
1253,"['0', '2', '3', '5', '6']",101039.jpg
1254,"['0', '3', '5', '6', '8']",101045.jpg
1255,"['1', '2', '5', '6', '8']",101040.jpg
1256,"['0', '2', '5', '6', '8']",101037.jpg
1257,"['0', '1', '2', '5', '6', '8']",101049.jpg
1258,"['1', '2', '4', '5', '6', '7']",101042.jpg
1259,"['1', '2', '4', '5', '6', '7']",100891.jpg
1260,"['2', '4', '5', '6', '7', '8']",101036.jpg
1261,"['2', '3', '5', '6', '8']",100893.jpg
1262,"['1', '2', '4', '5', '6', '7']",100894.jpg
1263,"['1', '2', '4', '5', '6', '7', '8']",100902.jpg
1264,"['0', '3', '8']",100895.jpg
1265,"['1', '2', '4', '5', '6']",100903.jpg
1266,['8'],101051.jpg
1267,"['1', '2', '3', '5', '6', '7', '8']",100898.jpg
1268,"['6', '8']",100904.jpg
1269,"['1', '2', '3', '4', '5', '6']",100899.jpg
1270,"['6', '8']",100896.jpg
1271,"['3', '8']",101052.jpg
1272,"['3', '5', '6', '8']",101053.jpg
1273,"['2', '5', '6', '8']",101054.jpg
1274,"['1', '2', '4', '5', '6', '7']",100907.jpg
1275,"['1', '2', '3', '5', '6']",100908.jpg
1276,"['2', '3', '5', '6', '8']",100905.jpg
1277,"['0', '5']",101072.jpg
1278,"['1', '2', '4', '5', '6', '7']",101064.jpg
1279,"['1', '2', '4', '5', '6', '7']",100906.jpg
1280,"['1', '2', '4', '5', '6', '7']",101066.jpg
1281,"['0', '3', '8']",101071.jpg
1282,"['1', '2', '3', '4', '5', '6']",101058.jpg
1283,"['2', '3', '4', '5', '6', '7']",101062.jpg
1284,"['3', '8']",100909.jpg
1285,"['1', '2', '3', '4', '5', '6', '7']",100911.jpg
1286,"['0', '2', '5', '6', '7', '8']",101079.jpg
1287,"['0', '8']",101080.jpg
1288,"['1', '2', '3', '5', '6', '7']",101074.jpg
1289,"['0', '8']",101076.jpg
1290,"['1', '2', '4', '5', '6', '7', '8']",101077.jpg
1291,"['1', '2', '4', '5', '6']",100914.jpg
1292,"['2', '4', '5', '6']",100913.jpg
1293,"['0', '1', '6', '8']",100910.jpg
1294,"['1', '2', '4', '5', '6', '7']",100912.jpg
1295,"['0', '4', '5', '8']",101078.jpg
1296,"['0', '8']",101081.jpg
1297,"['1', '2', '3', '5', '6', '8']",101083.jpg